domain,value
rarity,UR
rarity,SSR
gear_type,sword
gear_type,axe
gear_type,lance
gear_type,scythe
gear_type,bow
gear_type,gun
gear_type,staff
gear_type,book
gear_type,relic
gear_type,dual blade
gear_type,helm
gear_type,hat
gear_type,armor
gear_type,clothing
gear_type,monster
stat_label,atk
stat_label,matk
stat_label,def
stat_label,mdef
stat_label,stats1
stat_label,stats2
stat_tier,initial
stat_tier,max
stat_tier,max1
stat_tier,max2
scale_kind,ability_power
scale_kind,activation_rate
scale_kind,damage_reduction
